{
    "Version": "2012-10-17",
    "Statement": [
        {
            "Sid": "SMAdmin",
            "Effect": "Allow",
            "Principal": {
                "AWS": "arn:aws:iam::${account_id}:root"
            },
            "Action": "secretsmanager:*",
            "Resource": "*"
        },
        {
            "Sid": "AllowReadFromOrganization",
            "Effect": "Allow",
            "Principal": "*",
            "Action": [
                "secretsmanager:GetResourcePolicy",
                "secretsmanager:GetSecretValue",
                "secretsmanager:DescribeSecret",
                "secretsmanager:ListSecretVersionIds"
            ],
            "Resource": "*",
            "Condition": {
                "StringEquals": {
                    "aws:PrincipalOrgID": "${org_id}"
                }
            }
        }
    ]
}