{
    "Version": "2012-10-17",
    "Id": "key-default-1",
    "Statement": [
        {
            "Sid": "KMSAdmin",
            "Effect": "Allow",
            "Principal": {
                "AWS": "arn:aws:iam::${account_id}:root"
            },
            "Action": "kms:*",
            "Resource": "*"
        },
        {
            "Sid": "AllowReadFromOrganization",
            "Effect": "Allow",
            "Principal": "*",
            "Action": [
                "kms:Decrypt",
                "kms:ReEncrypt*",
                "kms:DescribeKey"
            ],
            "Resource": "*",
            "Condition": {
                "StringEquals": {
                    "aws:PrincipalOrgID": "${org_id}"
                }
            }
        }
    ]
}