{
  "Version": "2012-10-17",
  "Statement": [
    {
      "Sid": "Allow read within ORG",
      "Effect": "Allow",
      "Principal": "*",
      "Action": [
        "s3:ListBucket",
        "s3:GetObject"
      ],
      "Resource": [
        "arn:aws:s3:::${bucket_name}",
        "arn:aws:s3:::${bucket_name}/*"
      ],
      "Condition": {
        "StringEquals": {
          "aws:PrincipalOrgID": "${org_id}"
        }
      }
    },
    {
      "Sid": "AllowSSLRequestsOnly",
      "Action": "s3:*",
      "Effect": "Deny",
      "Resource": [
          "arn:aws:s3:::${bucket_name}",
          "arn:aws:s3:::${bucket_name}/*"
      ],
      "Condition": {
          "Bool": {
               "aws:SecureTransport": "false"
          }
      },
     "Principal": "*"
    }
  ]
}
